Aberdeen 33_11kV FY2015.csv,Aberdeen 33/11kV,FY2015
Aberdeen 66_11kV FY2015.csv,Aberdeen 66/11kV,FY2015
Adamstown 132_11kV FY2015.csv,Adamstown 132/11kV,FY2015
Argenton 132_11kV FY2015.csv,Argenton 132/11kV,FY2015
Arncliffe 33_11kV FY2015.csv,Arncliffe 33/11kV,FY2015
Auburn 33_11kV FY2015.csv,Auburn 33/11kV,FY2015
Avoca 66_11kV FY2015.csv,Avoca 66/11kV,FY2015
Avondale 33_11kV FY2015.csv,Avondale 33/11kV,FY2015
Baerami 33_11kV FY2015.csv,Baerami 33/11kV,FY2015
Balgowlah North 132_11kV FY2015.csv,Balgowlah North 132/11kV,FY2015
Bankstown 132_11kV FY2015.csv,Bankstown 132/11kV,FY2015
Bass Hill 33_11kV FY2015.csv,Bass Hill 33/11kV,FY2015
Beacon Hill 33_11kV FY2015.csv,Beacon Hill 33/11kV,FY2015
Belrose 33_11kV FY2015.csv,Belrose 33/11kV,FY2015
Berkeley Vale 132_11kV FY2015.csv,Berkeley Vale 132/11kV,FY2015
Berowra 132_11kV FY2015.csv,Berowra 132/11kV,FY2015
Blackwattle Bay 33_5kV FY2015.csv,Blackwattle Bay 33/5kV,FY2015
Blakehurst 33_11kV FY2015.csv,Blakehurst 33/11kV,FY2015
Botany 33_11kV FY2015.csv,Botany 33/11kV,FY2015
Brandy Hill 132_11kV FY2015.csv,Brandy Hill 132/11kV,FY2015
Branxton 66_11kV FY2015.csv,Branxton 66/11kV,FY2015
Broadmeadow 132_11kV FY2015.csv,Broadmeadow 132/11kV,FY2015
Broadmeadow 33_11kV FY2015.csv,Broadmeadow 33/11kV,FY2015
Brookvale 33_11kV FY2015.csv,Brookvale 33/11kV,FY2015
Burwood 132_11kV FY2015.csv,Burwood 132/11kV,FY2015
Campbell St 132_11kV FY2015.csv,Campbell St 132/11kV,FY2015
Camperdown 33_11kV FY2015.csv,Camperdown 33/11kV,FY2015
Camperdown 33_5kV FY2015.csv,Camperdown 33/5kV,FY2015
Campsie 33_11kV FY2015.csv,Campsie 33/11kV,FY2015
Cardiff 33_11kV FY2015.csv,Cardiff 33/11kV,FY2015
Careel Bay 33_11kV FY2015.csv,Careel Bay 33/11kV,FY2015
Caringbah 33_11kV FY2015.csv,Caringbah 33/11kV,FY2015
Castle Cove 132_11kV FY2015.csv,Castle Cove 132/11kV,FY2015
Cessnock 33_11kV FY2015.csv,Cessnock 33/11kV,FY2015
Charlestown 132_11kV FY2015.csv,Charlestown 132/11kV,FY2015
Charmhaven 132_11kV FY2015.csv,Charmhaven 132/11kV,FY2015
Chatswood 33_11kV FY2015.csv,Chatswood 33/11kV,FY2015
City Central 132_11kV FY2015.csv,City Central 132/11kV,FY2015
City East 33_11kV FY2015.csv,City East 33/11kV,FY2015
City North 132_11kV FY2015.csv,City North 132/11kV,FY2015
City South 132_11kV FY2015.csv,City South 132/11kV,FY2015
Clovelly 132_11kV FY2015.csv,Clovelly 132/11kV,FY2015
Concord 33_11kV FY2015.csv,Concord 33/11kV,FY2015
Cronulla 132_11kV FY2015.csv,Cronulla 132/11kV,FY2015
Croudace Bay 33_11kV FY2015.csv,Croudace Bay 33/11kV,FY2015
Crows Nest 33_11kV FY2015.csv,Crows Nest 33/11kV,FY2015
Dalley St 132_11kV FY2015.csv,Dalley St 132/11kV,FY2015
Darling Harbour 132_11kV FY2015.csv,Darling Harbour 132/11kV,FY2015
Darlinghurst 33_11kV FY2015.csv,Darlinghurst 33/11kV,FY2015
Dee Why West 33_11kV FY2015.csv,Dee Why West 33/11kV,FY2015
Denman 66_11kV FY2015.csv,Denman 66/11kV,FY2015
Double Bay 132_11kV FY2015.csv,Double Bay 132/11kV,FY2015
Drummoyne 132_11kV FY2015.csv,Drummoyne 132/11kV,FY2015
Dulwich Hill 33_11kV FY2015.csv,Dulwich Hill 33/11kV,FY2015
East Maitland 33_11kV FY2015.csv,East Maitland 33/11kV,FY2015
Edgeworth 33_11kV FY2015.csv,Edgeworth 33/11kV,FY2015
Empire Bay 66_11kV FY2015.csv,Empire Bay 66/11kV,FY2015
Enfield 33_11kV FY2015.csv,Enfield 33/11kV,FY2015
Engadine 33_11kV FY2015.csv,Engadine 33/11kV,FY2015
Epping 66_11kV FY2015.csv,Epping 66/11kV,FY2015
Erina 66_11kV FY2015.csv,Erina 66/11kV,FY2015
Five Dock 33_11kV FY2015.csv,Five Dock 33/11kV,FY2015
Flemington 132_11kV FY2015.csv,Flemington 132/11kV,FY2015
Galston 132_11kV FY2015.csv,Galston 132/11kV,FY2015
Gateshead 33_11kV FY2015.csv,Gateshead 33/11kV,FY2015
Gore Hill 33_11kV FY2015.csv,Gore Hill 33/11kV,FY2015
Green Square 132_11kV FY2015.csv,Green Square 132/11kV,FY2015
Greenacre Park 132_11kV FY2015.csv,Greenacre Park 132/11kV,FY2015
Gwawley Bay 132_11kV FY2015.csv,Gwawley Bay 132/11kV,FY2015
Gwawley Bay 33_11kV FY2015.csv,Gwawley Bay 33/11kV,FY2015
Harbord 33_11kV FY2015.csv,Harbord 33/11kV,FY2015
Homebush Bay 132_11kV FY2015.csv,Homebush Bay 132/11kV,FY2015
Hornsby 132_11kV FY2015.csv,Hornsby 132/11kV,FY2015
Hunters Hill 66_11kV FY2015.csv,Hunters Hill 66/11kV,FY2015
Hurstville North 132_11kV FY2015.csv,Hurstville North 132/11kV,FY2015
Hurstville North 33_11kV FY2015.csv,Hurstville North 33/11kV,FY2015
Jannali 33_11kV FY2015.csv,Jannali 33/11kV,FY2015
Jesmond 132_11kV FY2015.csv,Jesmond 132/11kV,FY2015
Jewells 33_11kV FY2015.csv,Jewells 33/11kV,FY2015
Killarney 33_11kV FY2015.csv,Killarney 33/11kV,FY2015
Kingsford 132_11kV FY2015.csv,Kingsford 132/11kV,FY2015
Kirrawee 132_11kV FY2015.csv,Kirrawee 132/11kV,FY2015
Kogarah 132_11kV FY2015.csv,Kogarah 132/11kV,FY2015
Kotara 33_11kV FY2015.csv,Kotara 33/11kV,FY2015
Kurri 132_11kV FY2015.csv,Kurri 132/11kV,FY2015
Lake Munmorah 132_11kV FY2015.csv,Lake Munmorah 132/11kV,FY2015
Leichhardt 33_11kV FY2015.csv,Leichhardt 33/11kV,FY2015
Leightonfield 33_11kV FY2015.csv,Leightonfield 33/11kV,FY2015
Lemington 66_11kV FY2015.csv,Lemington 66/11kV,FY2015
Lidcombe 33_11kV FY2015.csv,Lidcombe 33/11kV,FY2015
Lindfield 33_11kV FY2015.csv,Lindfield 33/11kV,FY2015
Lisarow 33_11kV FY2015.csv,Lisarow 33/11kV,FY2015
Long Jetty 66_11kV FY2015.csv,Long Jetty 66/11kV,FY2015
Macquarie Park 132_11kV FY2015.csv,Macquarie Park 132/11kV,FY2015
Maitland 33_11kV FY2015.csv,Maitland 33/11kV,FY2015
Manly 33_11kV FY2015.csv,Manly 33/11kV,FY2015
Maroubra 132_11kV FY2015.csv,Maroubra 132/11kV,FY2015
Marrickville 132_11kV FY2015.csv,Marrickville 132/11kV,FY2015
Maryland 132_11kV FY2015.csv,Maryland 132/11kV,FY2015
Mascot 33_11kV FY2015.csv,Mascot 33/11kV,FY2015
Matraville 33_11kV FY2015.csv,Matraville 33/11kV,FY2015
Mayfield 33_11kV FY2015.csv,Mayfield 33/11kV,FY2015
Mayfield West 132_11kV FY2015.csv,Mayfield West 132/11kV,FY2015
Meadowbank 132_11kV FY2015.csv,Meadowbank 132/11kV,FY2015
Medowie 33_11kV FY2015.csv,Medowie 33/11kV,FY2015
Menai 132_11kV FY2015.csv,Menai 132/11kV,FY2015
Merriwa 33_11kV FY2015.csv,Merriwa 33/11kV,FY2015
Milperra 132_11kV FY2015.csv,Milperra 132/11kV,FY2015
Miranda 33_11kV FY2015.csv,Miranda 33/11kV,FY2015
Mitchell Line 66_11kV FY2015.csv,Mitchell Line 66/11kV,FY2015
Mitchells Flat 66_11kV FY2015.csv,Mitchells Flat 66/11kV,FY2015
Mona Vale 33_11kV FY2015.csv,Mona Vale 33/11kV,FY2015
Moonan 33_11kV FY2015.csv,Moonan 33/11kV,FY2015
Morisset 132_11kV FY2015.csv,Morisset 132/11kV,FY2015
Mortdale 33_11kV FY2015.csv,Mortdale 33/11kV,FY2015
Mosman 132_11kV FY2015.csv,Mosman 132/11kV,FY2015
Mt Hutton 33_11kV FY2015.csv,Mt Hutton 33/11kV,FY2015
Mt Thorley 66_11kV FY2015.csv,Mt Thorley 66/11kV,FY2015
Muswellbrook 33_11kV FY2015.csv,Muswellbrook 33/11kV,FY2015
Narrabeen 33_11kV FY2015.csv,Narrabeen 33/11kV,FY2015
Nelson Bay 33_11kV FY2015.csv,Nelson Bay 33/11kV,FY2015
Newcastle CBD 33_11kV FY2015.csv,Newcastle CBD 33/11kV,FY2015
Newport 33_11kV FY2015.csv,Newport 33/11kV,FY2015
Noraville 33_11kV FY2015.csv,Noraville 33/11kV,FY2015
North Sydney 33_11kV FY2015.csv,North Sydney 33/11kV,FY2015
Nulkaba 33_11kV FY2015.csv,Nulkaba 33/11kV,FY2015
Paddington 33_11kV FY2015.csv,Paddington 33/11kV,FY2015
Paxton 33_11kV FY2015.csv,Paxton 33/11kV,FY2015
Peats Ridge 33_11kV FY2015.csv,Peats Ridge 33/11kV,FY2015
Pelican 33_11kV FY2015.csv,Pelican 33/11kV,FY2015
Pennant Hills 132_11kV FY2015.csv,Pennant Hills 132/11kV,FY2015
Port Botany 33_11kV FY2015.csv,Port Botany 33/11kV,FY2015
Potts Hill 132_11kV FY2015.csv,Potts Hill 132/11kV,FY2015
Punchbowl 33_11kV FY2015.csv,Punchbowl 33/11kV,FY2015
Pymble 33_11kV FY2015.csv,Pymble 33/11kV,FY2015
Rathmines 132_11kV FY2015.csv,Rathmines 132/11kV,FY2015
Rathmines 132_11kV Temp FY2015.csv,Rathmines 132/11kV Temp,FY2015
Raymond Terr NEW 33_11kV FY2015.csv,Raymond Terr NEW 33/11kV,FY2015
Revesby 132_11kV FY2015.csv,Revesby 132/11kV,FY2015
Riverwood 33_11kV FY2015.csv,Riverwood 33/11kV,FY2015
Rockdale 33_11kV FY2015.csv,Rockdale 33/11kV,FY2015
Rose Bay 132_11kV FY2015.csv,Rose Bay 132/11kV,FY2015
Rose Bay 33_11kV FY2015.csv,Rose Bay 33/11kV,FY2015
Rothbury 132_11kV FY2015.csv,Rothbury 132/11kV,FY2015
Rouchel 33_11kV FY2015.csv,Rouchel 33/11kV,FY2015
Rutherford 33_11kV FY2015.csv,Rutherford 33/11kV,FY2015
Sans Souci 33_11kV FY2015.csv,Sans Souci 33/11kV,FY2015
Scone 66_11kV FY2015.csv,Scone 66/11kV,FY2015
Sefton 132_11kV FY2015.csv,Sefton 132/11kV,FY2015
Singleton North 66_11kV FY2015.csv,Singleton North 66/11kV,FY2015
Somersby 132_11kV FY2015.csv,Somersby 132/11kV,FY2015
St Ives 33_11kV FY2015.csv,St Ives 33/11kV,FY2015
St Peters 132_11kV FY2015.csv,St Peters 132/11kV,FY2015
Stockton 33_11kV FY2015.csv,Stockton 33/11kV,FY2015
Surry Hills 33_11kV FY2015.csv,Surry Hills 33/11kV,FY2015
Swansea 33_11kV FY2015.csv,Swansea 33/11kV,FY2015
Tanilba Bay 33_11kV FY2015.csv,Tanilba Bay 33/11kV,FY2015
Telarah 33_11kV FY2015.csv,Telarah 33/11kV,FY2015
Terrey Hills 33_11kV FY2015.csv,Terrey Hills 33/11kV,FY2015
Thornton 33_11kV FY2015.csv,Thornton 33/11kV,FY2015
Tomago 33_11kV FY2015.csv,Tomago 33/11kV,FY2015
Tomalpin 33_11kV FY2015.csv,Tomalpin 33/11kV,FY2015
Tomaree 33_11kV FY2015.csv,Tomaree 33/11kV,FY2015
Top Ryde 132_11kV FY2015.csv,Top Ryde 132/11kV,FY2015
Toronto 33_11kV FY2015.csv,Toronto 33/11kV,FY2015
Turramurra 33_11kV FY2015.csv,Turramurra 33/11kV,FY2015
Umina 66_11kV FY2015.csv,Umina 66/11kV,FY2015
Wallalong 33_11kV FY2015.csv,Wallalong 33/11kV,FY2015
Wamberal 132_11kV FY2015.csv,Wamberal 132/11kV,FY2015
Wamberal 66_11kV FY2015.csv,Wamberal 66/11kV,FY2015
Waverley 132_11kV FY2015.csv,Waverley 132/11kV,FY2015
Waverley 33_11kV FY2015.csv,Waverley 33/11kV,FY2015
West Gosford 132_11kV FY2015.csv,West Gosford 132/11kV,FY2015
Woy Woy 66_11kV FY2015.csv,Woy Woy 66/11kV,FY2015
Wyong 132_11kV FY2015.csv,Wyong 132/11kV,FY2015
Zetland 132_11kV FY2015.csv,Zetland 132/11kV,FY2015
Avondale 33_11kV FY2014.csv,Avondale 33/11kV,FY2014
Baerami 33_11kV FY2014.csv,Baerami 33/11kV,FY2014
Balgowlah 33_11kV FY2014.csv,Balgowlah 33/11kV,FY2014
Balgowlah North 132_11kV FY2014.csv,Balgowlah North 132/11kV,FY2014
Bankstown 132_11kV FY2014.csv,Bankstown 132/11kV,FY2014
Bass Hill 33_11kV FY2014.csv,Bass Hill 33/11kV,FY2014
Beacon Hill 33_11kV FY2014.csv,Beacon Hill 33/11kV,FY2014
Belmore Park 132_11kV FY2014.csv,Belmore Park 132/11kV,FY2014
Belrose 33_11kV FY2014.csv,Belrose 33/11kV,FY2014
Berkeley Vale 33_11kV FY2014.csv,Berkeley Vale 33/11kV,FY2014
Berkeley Vale 132_11kV FY2014.csv,Berkeley Vale 132/11kV,FY2014
Berowra 132_11kV FY2014.csv,Berowra 132/11kV,FY2014
Blackwattle Bay 33_5kV FY2014.csv,Blackwattle Bay 33/5kV,FY2014
Blakehurst 33_11kV FY2014.csv,Blakehurst 33/11kV,FY2014
Boolaroo 33_11kV FY2014.csv,Boolaroo 33/11kV,FY2014
Botany 33_11kV FY2014.csv,Botany 33/11kV,FY2014
Brandy Hill 132_11kV FY2014.csv,Brandy Hill 132/11kV,FY2014
Branxton 66_11kV FY2014.csv,Branxton 66/11kV,FY2014
Broadmeadow 33_11kV FY2014.csv,Broadmeadow 33/11kV,FY2014
Broadmeadow 132_11kV FY2014.csv,Broadmeadow 132/11kV,FY2014
Brookvale 33_11kV FY2014.csv,Brookvale 33/11kV,FY2014
Burwood 132_11kV FY2014.csv,Burwood 132/11kV,FY2014
Campbell St 132_11kV FY2014.csv,Campbell St 132/11kV,FY2014
Camperdown 33_5kV FY2014.csv,Camperdown 33/5kV,FY2014
Camperdown 33_11kV FY2014.csv,Camperdown 33/11kV,FY2014
Campsie 33_11kV FY2014.csv,Campsie 33/11kV,FY2014
Cardiff 33_11kV FY2014.csv,Cardiff 33/11kV,FY2014
Careel Bay 33_11kV FY2014.csv,Careel Bay 33/11kV,FY2014
Caringbah 33_11kV FY2014.csv,Caringbah 33/11kV,FY2014
Carlton 33_11kV FY2014.csv,Carlton 33/11kV,FY2014
Castle Cove 132_11kV FY2014.csv,Castle Cove 132/11kV,FY2014
Cessnock 33_11kV FY2014.csv,Cessnock 33/11kV,FY2014
Charlestown 33_11kV FY2014.csv,Charlestown 33/11kV,FY2014
Charlestown 132_11kV FY2014.csv,Charlestown 132/11kV,FY2014
Charmhaven 132_11kV FY2014.csv,Charmhaven 132/11kV,FY2014
Chatswood 33_11kV FY2014.csv,Chatswood 33/11kV,FY2014
City Central 132_11kV FY2014.csv,City Central 132/11kV,FY2014
City East 33_11kV FY2014.csv,City East 33/11kV,FY2014
City East 132_11kV FY2014.csv,City East 132/11kV,FY2014
City North 33_11kV FY2014.csv,City North 33/11kV,FY2014
City North 132_11kV FY2014.csv,City North 132/11kV,FY2014
City South 132_11kV FY2014.csv,City South 132/11kV,FY2014
Clovelly 132_11kV FY2014.csv,Clovelly 132/11kV,FY2014
Concord 33_11kV FY2014.csv,Concord 33/11kV,FY2014
Cronulla 132_11kV FY2014.csv,Cronulla 132/11kV,FY2014
Croudace Bay 33_11kV FY2014.csv,Croudace Bay 33/11kV,FY2014
Crows Nest 33_11kV FY2014.csv,Crows Nest 33/11kV,FY2014
Crows Nest 132_11kV FY2014.csv,Crows Nest 132/11kV,FY2014
Croydon 132_11kV FY2014.csv,Croydon 132/11kV,FY2014
Dalley St 132_11kV FY2014.csv,Dalley St 132/11kV,FY2014
Darling Harbour 132_11kV FY2014.csv,Darling Harbour 132/11kV,FY2014
Darlinghurst 33_11kV FY2014.csv,Darlinghurst 33/11kV,FY2014
Dee Why West 33_11kV FY2014.csv,Dee Why West 33/11kV,FY2014
Denman 66_11kV FY2014.csv,Denman 66/11kV,FY2014
Double Bay 132_11kV FY2014.csv,Double Bay 132/11kV,FY2014
Drummoyne 132_11kV FY2014.csv,Drummoyne 132/11kV,FY2014
Dudley 33_11kV FY2014.csv,Dudley 33/11kV,FY2014
Dulwich Hill 33_11kV FY2014.csv,Dulwich Hill 33/11kV,FY2014
East Maitland 33_11kV FY2014.csv,East Maitland 33/11kV,FY2014
Edgeworth 33_11kV FY2014.csv,Edgeworth 33/11kV,FY2014
Empire Bay 66_11kV FY2014.csv,Empire Bay 66/11kV,FY2014
Enfield 33_11kV FY2014.csv,Enfield 33/11kV,FY2014
Engadine 33_11kV FY2014.csv,Engadine 33/11kV,FY2014
Engadine 132_11kV FY2014.csv,Engadine 132/11kV,FY2014
Epping 66_11kV FY2014.csv,Epping 66/11kV,FY2014
Erina 66_11kV FY2014.csv,Erina 66/11kV,FY2014
Five Dock 33_11kV FY2014.csv,Five Dock 33/11kV,FY2014
Flemington 132_11kV FY2014.csv,Flemington 132/11kV,FY2014
Galston 132_11kV FY2014.csv,Galston 132/11kV,FY2014
Gateshead 33_11kV FY2014.csv,Gateshead 33/11kV,FY2014
Gore Hill 33_11kV FY2014.csv,Gore Hill 33/11kV,FY2014
Green Square 132_11kV FY2014.csv,Green Square 132/11kV,FY2014
Greenacre Park 132_11kV FY2014.csv,Greenacre Park 132/11kV,FY2014
Gwawley Bay 33_11kV FY2014.csv,Gwawley Bay 33/11kV,FY2014
Gwawley Bay 132_11kV FY2014.csv,Gwawley Bay 132/11kV,FY2014
Harbord 33_11kV FY2014.csv,Harbord 33/11kV,FY2014
Homebush Bay 132_11kV FY2014.csv,Homebush Bay 132/11kV,FY2014
Hornsby 132_11kV FY2014.csv,Hornsby 132/11kV,FY2014
Hunters Hill 66_11kV FY2014.csv,Hunters Hill 66/11kV,FY2014
Hurstville North 33_11kV FY2014.csv,Hurstville North 33/11kV,FY2014
Hurstville North 132_11kV FY2014.csv,Hurstville North 132/11kV,FY2014
Jannali 33_11kV FY2014.csv,Jannali 33/11kV,FY2014
Jesmond 132_11kV FY2014.csv,Jesmond 132/11kV,FY2014
Jewells 33_11kV FY2014.csv,Jewells 33/11kV,FY2014
Killarney 33_11kV FY2014.csv,Killarney 33/11kV,FY2014
Kingsford 132_11kV FY2014.csv,Kingsford 132/11kV,FY2014
Kirrawee 132_11kV FY2014.csv,Kirrawee 132/11kV,FY2014
Kogarah 132_11kV FY2014.csv,Kogarah 132/11kV,FY2014
Kotara 33_11kV FY2014.csv,Kotara 33/11kV,FY2014
Kurri 33_11kV FY2014.csv,Kurri 33/11kV,FY2014
Kurri 132_11kV FY2014.csv,Kurri 132/11kV,FY2014
Lake Munmorah 33_11kV FY2014.csv,Lake Munmorah 33/11kV,FY2014
Lake Munmorah 132_11kV FY2014.csv,Lake Munmorah 132/11kV,FY2014
Leichhardt 33_11kV FY2014.csv,Leichhardt 33/11kV,FY2014
Leichhardt 132_11kV FY2014.csv,Leichhardt 132/11kV,FY2014
Leightonfield 33_11kV FY2014.csv,Leightonfield 33/11kV,FY2014
Lemington 66_11kV FY2014.csv,Lemington 66/11kV,FY2014
Lidcombe 33_11kV FY2014.csv,Lidcombe 33/11kV,FY2014
Lindfield 33_11kV FY2014.csv,Lindfield 33/11kV,FY2014
Lisarow 33_11kV FY2014.csv,Lisarow 33/11kV,FY2014
Long Jetty 33_11kV FY2014.csv,Long Jetty 33/11kV,FY2014
Long Jetty 66_11kV FY2014.csv,Long Jetty 66/11kV,FY2014
Macquarie Park 132_11kV FY2014.csv,Macquarie Park 132/11kV,FY2014
Maitland 33_11kV FY2014.csv,Maitland 33/11kV,FY2014
Maitland Central 33_11kV FY2014.csv,Maitland Central 33/11kV,FY2014
Manly 33_11kV FY2014.csv,Manly 33/11kV,FY2014
Maroubra 132_11kV FY2014.csv,Maroubra 132/11kV,FY2014
Marrickville 132_11kV FY2014.csv,Marrickville 132/11kV,FY2014
Maryland 132_11kV FY2014.csv,Maryland 132/11kV,FY2014
Mascot 33_11kV FY2014.csv,Mascot 33/11kV,FY2014
Matraville 33_11kV FY2014.csv,Matraville 33/11kV,FY2014
Mayfield 33_11kV FY2014.csv,Mayfield 33/11kV,FY2014
Mayfield West 132_11kV FY2014.csv,Mayfield West 132/11kV,FY2014
Meadowbank 132_11kV FY2014.csv,Meadowbank 132/11kV,FY2014
Medowie 33_11kV FY2014.csv,Medowie 33/11kV,FY2014
Menai 132_11kV FY2014.csv,Menai 132/11kV,FY2014
Merriwa 33_11kV FY2014.csv,Merriwa 33/11kV,FY2014
Metford 33_11kV FY2014.csv,Metford 33/11kV,FY2014
Milperra 132_11kV FY2014.csv,Milperra 132/11kV,FY2014
Miranda 33_11kV FY2014.csv,Miranda 33/11kV,FY2014
Mitchell Line 66_11kV FY2014.csv,Mitchell Line 66/11kV,FY2014
Mitchells Flat 66_11kV FY2014.csv,Mitchells Flat 66/11kV,FY2014
Mona Vale 33_11kV FY2014.csv,Mona Vale 33/11kV,FY2014
Moonan 33_11kV FY2014.csv,Moonan 33/11kV,FY2014
Morisset 33_11kV Temp FY2014.csv,Morisset 33/11kV Temp,FY2014
Morisset 132_11kV FY2014.csv,Morisset 132/11kV,FY2014
Mortdale 33_11kV FY2014.csv,Mortdale 33/11kV,FY2014
Mosman 132_11kV FY2014.csv,Mosman 132/11kV,FY2014
Mt Hutton 33_11kV FY2014.csv,Mt Hutton 33/11kV,FY2014
Mt Thorley 66_11kV FY2014.csv,Mt Thorley 66/11kV,FY2014
Muswellbrook 33_11kV FY2014.csv,Muswellbrook 33/11kV,FY2014
Muswellbrook North 132_11kV FY2014.csv,Muswellbrook North 132/11kV,FY2014
Narrabeen 33_11kV FY2014.csv,Narrabeen 33/11kV,FY2014
Nelson Bay 33_11kV FY2014.csv,Nelson Bay 33/11kV,FY2014
Newcastle CBD 33_11kV FY2014.csv,Newcastle CBD 33/11kV,FY2014
Newcastle City Main 33_11kV FY2014.csv,Newcastle City Main 33/11kV,FY2014
Newport 33_11kV FY2014.csv,Newport 33/11kV,FY2014
Noraville 33_11kV FY2014.csv,Noraville 33/11kV,FY2014
North Ryde 66_11kV FY2014.csv,North Ryde 66/11kV,FY2014
North Sydney 33_11kV FY2014.csv,North Sydney 33/11kV,FY2014
North Sydney 132_11kV FY2014.csv,North Sydney 132/11kV,FY2014
Nulkaba 33_11kV FY2014.csv,Nulkaba 33/11kV,FY2014
Olympic Park 132_11kV FY2014.csv,Olympic Park 132/11kV,FY2014
Paddington 33_11kV FY2014.csv,Paddington 33/11kV,FY2014
Padstow 33_11kV FY2014.csv,Padstow 33/11kV,FY2014
Paxton 33_11kV FY2014.csv,Paxton 33/11kV,FY2014
Peats Ridge 33_11kV FY2014.csv,Peats Ridge 33/11kV,FY2014
Pelican 33_11kV FY2014.csv,Pelican 33/11kV,FY2014
Pennant Hills 132_11kV FY2014.csv,Pennant Hills 132/11kV,FY2014
Port Botany 33_11kV FY2014.csv,Port Botany 33/11kV,FY2014
Potts Hill 132_11kV FY2014.csv,Potts Hill 132/11kV,FY2014
Punchbowl 33_11kV FY2014.csv,Punchbowl 33/11kV,FY2014
Pymble 33_11kV FY2014.csv,Pymble 33/11kV,FY2014
Randwick 33_11kV FY2014.csv,Randwick 33/11kV,FY2014
Rathmines 132_11kV FY2014.csv,Rathmines 132/11kV,FY2014
Rathmines 132_11kV Temp FY2014.csv,Rathmines 132/11kV Temp,FY2014
Raymond Terr NEW 33_11kV FY2014.csv,Raymond Terr NEW 33/11kV,FY2014
Raymond Terrace 33_11kV FY2014.csv,Raymond Terrace 33/11kV,FY2014
Revesby 132_11kV FY2014.csv,Revesby 132/11kV,FY2014
Riverwood 33_11kV FY2014.csv,Riverwood 33/11kV,FY2014
Rockdale 33_11kV FY2014.csv,Rockdale 33/11kV,FY2014
Rose Bay 33_11kV FY2014.csv,Rose Bay 33/11kV,FY2014
Rose Bay 132_11kV FY2014.csv,Rose Bay 132/11kV,FY2014
Rothbury 132_11kV FY2014.csv,Rothbury 132/11kV,FY2014
Rouchel 33_11kV FY2014.csv,Rouchel 33/11kV,FY2014
Rutherford 33_11kV FY2014.csv,Rutherford 33/11kV,FY2014
Salt Ash 33_11kV FY2014.csv,Salt Ash 33/11kV,FY2014
Sans Souci 33_11kV FY2014.csv,Sans Souci 33/11kV,FY2014
Scone 33_11kV FY2014.csv,Scone 33/11kV,FY2014
Scone 66_11kV FY2014.csv,Scone 66/11kV,FY2014
Sefton 132_11kV FY2014.csv,Sefton 132/11kV,FY2014
Shortland 33_11kV FY2014.csv,Shortland 33/11kV,FY2014
Singleton North 66_11kV FY2014.csv,Singleton North 66/11kV,FY2014
Somersby 132_11kV FY2014.csv,Somersby 132/11kV,FY2014
St Ives 33_11kV FY2014.csv,St Ives 33/11kV,FY2014
St Peters 132_11kV FY2014.csv,St Peters 132/11kV,FY2014
Stockton 33_11kV FY2014.csv,Stockton 33/11kV,FY2014
Surry Hills 33_11kV FY2014.csv,Surry Hills 33/11kV,FY2014
Swansea 33_11kV FY2014.csv,Swansea 33/11kV,FY2014
Tanilba Bay 33_11kV FY2014.csv,Tanilba Bay 33/11kV,FY2014
Telarah 33_11kV FY2014.csv,Telarah 33/11kV,FY2014
Terrey Hills 33_11kV FY2014.csv,Terrey Hills 33/11kV,FY2014
Thornton 33_11kV FY2014.csv,Thornton 33/11kV,FY2014
Tighes Hill 33_11kV FY2014.csv,Tighes Hill 33/11kV,FY2014
Tomago 33_11kV FY2014.csv,Tomago 33/11kV,FY2014
Tomalpin 33_11kV FY2014.csv,Tomalpin 33/11kV,FY2014
Tomaree 33_11kV FY2014.csv,Tomaree 33/11kV,FY2014
Top Ryde 132_11kV FY2014.csv,Top Ryde 132/11kV,FY2014
Toronto 33_11kV FY2014.csv,Toronto 33/11kV,FY2014
Toronto West 132_11kV FY2014.csv,Toronto West 132/11kV,FY2014
Turramurra 33_11kV FY2014.csv,Turramurra 33/11kV,FY2014
Umina 66_11kV FY2014.csv,Umina 66/11kV,FY2014
Wallalong 33_11kV FY2014.csv,Wallalong 33/11kV,FY2014
Wallsend 33_11kV FY2014.csv,Wallsend 33/11kV,FY2014
Wamberal 66_11kV FY2014.csv,Wamberal 66/11kV,FY2014
Wamberal 132_11kV FY2014.csv,Wamberal 132/11kV,FY2014
Waverley 33_11kV FY2014.csv,Waverley 33/11kV,FY2014
Waverley 132_11kV FY2014.csv,Waverley 132/11kV,FY2014
West Gosford 132_11kV FY2014.csv,West Gosford 132/11kV,FY2014
Woy Woy 66_11kV FY2014.csv,Woy Woy 66/11kV,FY2014
Wyong 132_11kV FY2014.csv,Wyong 132/11kV,FY2014
Zetland 132_11kV FY2014.csv,Zetland 132/11kV,FY2014
Aberdeen 33_11kV FY2014.csv,Aberdeen 33/11kV,FY2014
Aberdeen 66_11kV FY2014.csv,Aberdeen 66/11kV,FY2014
Adamstown 33_11kV FY2014.csv,Adamstown 33/11kV,FY2014
Adamstown 132_11kV FY2014.csv,Adamstown 132/11kV,FY2014
Alexandria 33_5kV FY2014.csv,Alexandria 33/5kV,FY2014
Argenton 132_11kV FY2014.csv,Argenton 132/11kV,FY2014
Arncliffe 33_11kV FY2014.csv,Arncliffe 33/11kV,FY2014
Auburn 33_11kV FY2014.csv,Auburn 33/11kV,FY2014
Avoca 66_11kV FY2014.csv,Avoca 66/11kV,FY2014
